{
  "checkpoint": "best.pt",
  "n_concepts": 2166,
  "n_bits": 72,
  "dead_bits": 7,
  "mi_matrix_stats": {
    "mean": 0.033994841845640604,
    "max": 0.7189319706143916,
    "std": 0.07265748126518105
  },
  "layer_mi": {
    "L1_L1": 0.00576386875854917,
    "L1_L2": 0.010602115991070303,
    "L1_L3": 0.010798751660528377,
    "L1_L4": 0.006040631365479177,
    "L1_L5": 0.004835718346892076,
    "L1_L6": 0.006827650693903925,
    "L2_L1": 0.010602115991070303,
    "L2_L2": 0.017097865247392378,
    "L2_L3": 0.023582127763536503,
    "L2_L4": 0.025334155642175185,
    "L2_L5": 0.02356789819049038,
    "L2_L6": 0.00771793682094611,
    "L3_L1": 0.010798751660528377,
    "L3_L2": 0.023582127763536503,
    "L3_L3": 0.021771830353138344,
    "L3_L4": 0.035876954958568866,
    "L3_L5": 0.03368655508687951,
    "L3_L6": 0.005972327433545587,
    "L4_L1": 0.0060406313654791785,
    "L4_L2": 0.025334155642175178,
    "L4_L3": 0.03587695495856887,
    "L4_L4": 0.05770580820713478,
    "L4_L5": 0.05268173301084957,
    "L4_L6": 0.00667460799839718,
    "L5_L1": 0.004835718346892077,
    "L5_L2": 0.02356789819049038,
    "L5_L3": 0.03368655508687952,
    "L5_L4": 0.05268173301084957,
    "L5_L5": 0.05084756052637993,
    "L5_L6": 0.008079940247100719,
    "L6_L1": 0.006827650693903926,
    "L6_L2": 0.00771793682094611,
    "L6_L3": 0.005972327433545587,
    "L6_L4": 0.006674607998397177,
    "L6_L5": 0.008079940247100719,
    "L6_L6": 0.003912561756717263
  },
  "layer_mi_summary": {
    "adjacent_mean": 0.026164574394225194,
    "non_adjacent_mean": 0.01314562332392375,
    "ratio": 0.5024206824791743
  },
  "dag_category_mi": {
    "parent-child": {
      "mean": 0.05195837306239574,
      "std": 0.113160156618867,
      "n": 154,
      "median": 0.00722265614875317,
      "max": 0.6234821656795622
    },
    "dual-axis": {
      "mean": 0.18645626807310647,
      "std": 0.2303553278727486,
      "n": 11,
      "median": 0.0766799701481597,
      "max": 0.6897858804181387
    },
    "dag-connected": {
      "mean": 0.032136431349663014,
      "std": 0.06665848829664553,
      "n": 2391,
      "median": 0.0061223842232246755,
      "max": 0.7189319706143916
    }
  },
  "partial_correlation": {
    "n_active_bits": 72,
    "edge_partial_mean": 0.07060373589004132,
    "edge_partial_std": 0.0737075955797524,
    "non_edge_partial_mean": 0.07087504618229039,
    "non_edge_partial_std": 0.07158418882229443,
    "n_edges": 154,
    "n_non_edges": 2402,
    "non_edge_near_zero_frac": 0.4833472106577852,
    "non_edge_below_01": 0.7706078268109908,
    "mann_whitney_U": 176757.0,
    "mann_whitney_p": 0.822083963422155,
    "ratio": 0.9961719913162207
  },
  "distance_vs_mi": {
    "correlation": -0.10604387436435199,
    "n_pairs": 2556,
    "per_distance": {
      "1": {
        "mean_mi": 0.05195837306239574,
        "std_mi": 0.113160156618867,
        "n": 154
      },
      "2": {
        "mean_mi": 0.04057500036729169,
        "std_mi": 0.07888936384195984,
        "n": 698
      },
      "3": {
        "mean_mi": 0.03299753981771774,
        "std_mi": 0.07150817450837485,
        "n": 1069
      },
      "4": {
        "mean_mi": 0.025472138573633205,
        "std_mi": 0.05057006910147835,
        "n": 572
      },
      "5": {
        "mean_mi": 0.01175832221346278,
        "std_mi": 0.03920003504602275,
        "n": 61
      },
      "6": {
        "mean_mi": 0.003092532599579551,
        "std_mi": 0.0007498537756553949,
        "n": 2
      }
    }
  },
  "null_model": {
    "null_mean_mi": 0.00033338097224387355,
    "null_std_mi": 3.4292563025299976e-05,
    "coprime_above_null_2sigma": 0,
    "coprime_z_score": 0.0,
    "n_permutations": 1000
  },
  "verdict": {
    "all_pass": false,
    "tests": {
      "T2: Layer hierarchy (non-adj/adj < 0.8)": {
        "pass": true,
        "detail": "ratio=0.502"
      },
      "T4: Non-edge |partial| < 0.05 (>50%)": {
        "pass": false,
        "detail": "48.3%"
      },
      "T4b: Distance-MI correlation < -0.10": {
        "pass": true,
        "detail": "r=-0.106"
      }
    },
    "conclusion": "MIXED"
  }
}