{
  "checkpoint": "best.pt",
  "n_concepts": 2166,
  "n_bits": 72,
  "dead_bits": 7,
  "mi_matrix_stats": {
    "mean": 0.025159043733828833,
    "max": 0.5138033867635281,
    "std": 0.05013124971648695
  },
  "layer_mi": {
    "L1_L1": 0.0005330443705164762,
    "L1_L2": 0.013993256300309856,
    "L1_L3": 0.0172865457792136,
    "L1_L4": 0.011693549921184283,
    "L1_L5": 0.014190494524131795,
    "L1_L6": 0.004208113898125271,
    "L2_L1": 0.013993256300309854,
    "L2_L2": 0.01245823889908181,
    "L2_L3": 0.01768055463616526,
    "L2_L4": 0.020144672051803897,
    "L2_L5": 0.018926220091047382,
    "L2_L6": 0.004746983543950786,
    "L3_L1": 0.017286545779213597,
    "L3_L2": 0.01768055463616526,
    "L3_L3": 0.02914592948842513,
    "L3_L4": 0.027580434816397728,
    "L3_L5": 0.028461887549440252,
    "L3_L6": 0.006648108095269731,
    "L4_L1": 0.011693549921184281,
    "L4_L2": 0.020144672051803897,
    "L4_L3": 0.027580434816397728,
    "L4_L4": 0.03765783632117171,
    "L4_L5": 0.031363724371093936,
    "L4_L6": 0.011616374764480228,
    "L5_L1": 0.014190494524131795,
    "L5_L2": 0.018926220091047382,
    "L5_L3": 0.028461887549440252,
    "L5_L4": 0.031363724371093936,
    "L5_L5": 0.03354998634830516,
    "L5_L6": 0.011843111628618641,
    "L6_L1": 0.00420811389812527,
    "L6_L2": 0.004746983543950785,
    "L6_L3": 0.006648108095269731,
    "L6_L4": 0.011616374764480228,
    "L6_L5": 0.011843111628618641,
    "L6_L6": 0.008894472619667295
  },
  "layer_mi_summary": {
    "adjacent_mean": 0.020492216350517085,
    "non_adjacent_mean": 0.013792295021864725,
    "ratio": 0.6730504297802176
  },
  "dag_category_mi": {
    "parent-child": {
      "mean": 0.03810295835895293,
      "std": 0.07898340353625609,
      "n": 154,
      "median": 0.009023041876071348,
      "max": 0.5138033867635281
    },
    "dual-axis": {
      "mean": 0.1309991164648148,
      "std": 0.12326989712143296,
      "n": 11,
      "median": 0.07157338704715666,
      "max": 0.32276987405156254
    },
    "dag-connected": {
      "mean": 0.02383842321843362,
      "std": 0.04637659678809968,
      "n": 2391,
      "median": 0.006275218615025257,
      "max": 0.41151853752239537
    }
  },
  "partial_correlation": {
    "n_active_bits": 72,
    "edge_partial_mean": 0.08151896926990237,
    "edge_partial_std": 0.07965103120995987,
    "non_edge_partial_mean": 0.0662353719032743,
    "non_edge_partial_std": 0.05868223503765833,
    "n_edges": 154,
    "n_non_edges": 2402,
    "non_edge_near_zero_frac": 0.4916736053288926,
    "non_edge_below_01": 0.7847626977518735,
    "mann_whitney_U": 203608.0,
    "mann_whitney_p": 0.017817791679570916,
    "ratio": 1.2307467585287695
  },
  "distance_vs_mi": {
    "correlation": -0.0970588707617326,
    "n_pairs": 2556,
    "per_distance": {
      "1": {
        "mean_mi": 0.03810295835895293,
        "std_mi": 0.07898340353625609,
        "n": 154
      },
      "2": {
        "mean_mi": 0.03085940929258561,
        "std_mi": 0.057441964142174236,
        "n": 698
      },
      "3": {
        "mean_mi": 0.02236256667717663,
        "std_mi": 0.04388233649104135,
        "n": 1069
      },
      "4": {
        "mean_mi": 0.02048358419502212,
        "std_mi": 0.04017529710570955,
        "n": 572
      },
      "5": {
        "mean_mi": 0.020865788283909885,
        "std_mi": 0.04177346534185306,
        "n": 61
      },
      "6": {
        "mean_mi": 0.0018927436950084099,
        "std_mi": 0.0017071001865435675,
        "n": 2
      }
    }
  },
  "null_model": {
    "null_mean_mi": 0.00033451080167592605,
    "null_std_mi": 3.3030013113492945e-05,
    "coprime_above_null_2sigma": 0,
    "coprime_z_score": 0.0,
    "n_permutations": 1000
  },
  "verdict": {
    "all_pass": false,
    "tests": {
      "T2: Layer hierarchy (non-adj/adj < 0.8)": {
        "pass": true,
        "detail": "ratio=0.673"
      },
      "T4: Non-edge |partial| < 0.05 (>50%)": {
        "pass": false,
        "detail": "49.2%"
      },
      "T4b: Distance-MI correlation < -0.10": {
        "pass": false,
        "detail": "r=-0.097"
      }
    },
    "conclusion": "NEGATIVE"
  }
}