{
  "0": 0.9105068766098071,
  "1": 0.9311610050055887,
  "2": 0.9866841619283666,
  "3": 0.9913495650483549,
  "4": 0.9465665548913836,
  "5": 0.9864411721825339,
  "6": 0.924940467512271,
  "7": 0.9158769499927103,
  "8": 0.8895368615444428,
  "9": 0.9433833892209749,
  "10": 0.9947514214900132,
  "11": 0.9988093502454196,
  "12": 0.9345385624726636,
  "13": 0.9262040141906012,
  "14": 0.9822860475287943,
  "15": 0.9187685279681197,
  "16": 0.9065704427273169,
  "17": 0.972274870000486,
  "18": 0.9945084317441804,
  "19": 0.9326432424551684,
  "20": 0.9865140691062837,
  "21": 0.9343441706759975,
  "22": 0.9459347815522186,
  "23": 0.9024153180735773,
  "24": 0.9447684307722214,
  "25": 0.9469067405355494,
  "26": 0.9596880011663508,
  "27": 0.8964377703260923,
  "28": 0.9422656363901444,
  "29": 0.9370413568547408,
  "30": 0.9217816008164456,
  "31": 0.9498226174855421,
  "32": 0.9145648053652136,
  "33": 0.9420955435680615,
  "34": 0.9271273752247655,
  "35": 0.9119405161102202,
  "36": 0.9282937260047626,
  "37": 0.9735870146279827,
  "38": 0.9424843271613937,
  "39": 0.9903047091412742,
  "40": 0.9067162365748166,
  "41": 0.998396267677504,
  "42": 0.9986878553725033,
  "43": 0.9669047966175828,
  "44": 0.9789084900617194,
  "45": 0.9972542158720902,
  "46": 0.9403460173980658,
  "47": 0.9766729844000583,
  "48": 0.9470768333576323,
  "49": 0.902293823200661,
  "50": 0.9654711571171697,
  "51": 0.9896000388783593,
  "52": 0.9393740584147349,
  "53": 0.9326189434805852,
  "54": 0.9391310686689022,
  "55": 0.9225591680031102,
  "56": 0.9403460173980658,
  "57": 0.944379647178889,
  "58": 0.9465179569422171,
  "59": 0.9226563639014433,
  "60": 0.9425086261359771,
  "61": 0.9464450600184672,
  "62": 0.9185012392477038,
  "63": 0.9897458327258589,
  "64": 0.9983719687029208,
  "65": 0.9321086650143364,
  "66": 0.9230451474947757,
  "67": 0.9492151431209603,
  "68": 0.9014190601156631,
  "69": 0.947052534383049,
  "70": 0.90399475142149,
  "71": 0.9303348398697575
}