{
  "0": 0.9422514619883041,
  "1": 0.9810903354878424,
  "2": 0.927670052323792,
  "3": 0.9409626038781164,
  "4": 0.9555632502308402,
  "5": 0.9732610033856571,
  "6": 0.8688057863958141,
  "7": 0.9273045552477686,
  "8": 0.9537550015389351,
  "9": 0.9572176054170514,
  "10": 0.9761849799938442,
  "11": 0.9629116651277316,
  "12": 0.8702100646352724,
  "13": 0.9289204370575562,
  "14": 0.8803285626346569,
  "15": 0.9123384118190212,
  "16": 0.9499076638965835,
  "17": 0.9425592489996922,
  "18": 0.9452908587257618,
  "19": 0.9569482917820868,
  "20": 0.9256694367497692,
  "21": 0.9705871037242229,
  "22": 0.9944405971068021,
  "23": 0.9168590335487843,
  "24": 0.9224376731301939,
  "25": 0.9188211757463836,
  "26": 0.8825792551554325,
  "27": 0.9472914742997846,
  "28": 0.9050477069867652,
  "29": 0.965970298553401,
  "30": 0.8854070483225608,
  "31": 0.925053862726993,
  "32": 0.8956024930747922,
  "33": 0.961218836565097,
  "34": 0.9334410587873192,
  "35": 0.95939135118498,
  "36": 0.8981609726069559,
  "37": 0.915127731609726,
  "38": 0.9739727608494921,
  "39": 0.9991535857186826,
  "40": 0.9575446291166513,
  "41": 0.9039319790704832,
  "42": 0.8936211141889813,
  "43": 0.9515620190827947,
  "44": 0.9288819636811326,
  "45": 0.9692020621729763,
  "46": 0.8956602031394275,
  "47": 0.912357648507233,
  "48": 0.949234379809172,
  "49": 0.9529855340104647,
  "50": 0.9561211141889813,
  "51": 0.8797129886118806,
  "52": 0.9225723299476762,
  "53": 0.9033164050477069,
  "54": 0.927112188365651,
  "55": 0.9914396737457679,
  "56": 0.9286703601108033,
  "57": 0.9475607879347492,
  "58": 0.9469644506001846,
  "59": 0.9582756232686981,
  "60": 0.957256078793475,
  "61": 0.9258810403200985,
  "62": 0.967316866728224,
  "63": 0.9211103416435826,
  "64": 0.8914666051092643,
  "65": 0.9565443213296398,
  "66": 0.9500423207140659,
  "67": 0.9331717451523546,
  "68": 0.9249192059095106,
  "69": 0.9511195752539243,
  "70": 0.9975954139735304,
  "71": 0.9578331794398276
}