{
  "wave": {
    "params": {
      "A": -0.9999999999999999,
      "d": 12.735050511139768,
      "f": 1.5084881724784878,
      "phi": 0.45098471341657725,
      "C": 0.5177741448938575
    },
    "R2": 0.9425941887314284,
    "AIC": -1712.2711527963454,
    "regime": "overdamped",
    "damping_ratio": 1.3436275314261816,
    "residuals_std": 0.0319193680160426
  },
  "exponential": {
    "params": {
      "A": -0.5828152078761158,
      "d": 8.113391811087673,
      "C": 0.5339532737230132
    },
    "R2": 0.9156427951479091,
    "AIC": -1620.0424823766884,
    "residuals_std": 0.038693449193764946
  },
  "comparison": {
    "delta_AIC": 92.22867041965696,
    "preferred": "wave",
    "genuine_oscillation": true
  },
  "bootstrap_ci": {
    "A": {
      "lo": -0.9999999999999999,
      "hi": -0.9999999999999999,
      "median": -0.9999999999999999
    },
    "d": {
      "lo": 11.803297848246027,
      "hi": 13.62929172071093,
      "median": 12.70903358476163
    },
    "f": {
      "lo": 1.1854748458137547,
      "hi": 1.7611842506687823,
      "median": 1.4958037474139187
    },
    "phi": {
      "lo": 0.4192099938978488,
      "hi": 0.5092469929432915,
      "median": 0.4532451201209755
    },
    "C": {
      "lo": 0.514782712196159,
      "hi": 0.5211418075929336,
      "median": 0.5179392542245154
    }
  }
}