{
  "0": 0.8817071919564994,
  "1": 0.9965630450394993,
  "2": 0.9468554427003181,
  "3": 0.8775520673027598,
  "4": 0.8856058274340822,
  "5": 0.9039704524469068,
  "6": 0.9963065558633426,
  "7": 0.9078690879244896,
  "8": 0.8767825997742895,
  "9": 0.9504462911665128,
  "10": 0.9973325125679696,
  "11": 0.966451215758695,
  "12": 0.8507232994767621,
  "13": 0.9038165589412127,
  "14": 0.9041243459526008,
  "15": 0.8915563763209192,
  "16": 0.8723709859443931,
  "17": 0.884990253411306,
  "18": 0.878167641325536,
  "19": 0.8505181081358366,
  "20": 0.8783215348312301,
  "21": 0.8536472760849492,
  "22": 0.9710167230942854,
  "23": 0.9190007181696932,
  "24": 0.941776957012414,
  "25": 0.8924797373550836,
  "26": 0.9492151431209603,
  "27": 0.7863958140966452,
  "28": 0.8669847132451011,
  "29": 0.969939468554427,
  "30": 0.9468554427003181,
  "31": 0.9107930645326767,
  "32": 0.9308505181081358,
  "33": 0.888478506207038,
  "34": 0.9470606340412434,
  "35": 0.9079203857597209,
  "36": 0.8756540473991997,
  "37": 0.9602441776957013,
  "38": 0.9445470401149072,
  "39": 0.8794500872063199,
  "40": 0.9794295680722274,
  "41": 0.8691392223248179,
  "42": 0.8811429157689545,
  "43": 0.918385144146917,
  "44": 0.9166923155842823,
  "45": 0.9708628295885914,
  "46": 0.9304914332615164,
  "47": 0.9214117164255669,
  "48": 0.9949728121473274,
  "49": 0.9032009849184365,
  "50": 0.9865599671693854,
  "51": 0.7991689750692521,
  "52": 0.8661639478813994,
  "53": 0.8448753462603878,
  "54": 0.8723709859443931,
  "55": 0.9988714476249102,
  "56": 0.8645224171539961,
  "57": 0.9252590540679183,
  "58": 0.874371601518416,
  "59": 0.9162306350672001,
  "60": 0.8593926336308608,
  "61": 0.9275161588180979,
  "62": 0.9033035805888991,
  "63": 0.8938647789063302,
  "64": 0.9755822304298759,
  "65": 0.9546527136554838,
  "66": 0.9137683389760952,
  "67": 0.9079716835949523,
  "68": 0.9778906330152868,
  "69": 0.9030470914127424,
  "70": 0.970965425259054,
  "71": 0.9772750589925105
}