{
  "wave": {
    "params": {
      "A": 0.1338620871972461,
      "d": 6.416329634140392,
      "f": 1.453245147338398,
      "phi": 2.558518288089338,
      "C": 0.4895171494276303
    },
    "R2": 0.7336927206784944,
    "AIC": -438.7405167856649,
    "regime": "underdamped",
    "damping_ratio": 0.7026967058178413,
    "residuals_std": 0.011249797304670451
  },
  "exponential": {
    "params": {
      "A": 0.07118534130949784,
      "d": 26.631461522922457,
      "C": 0.482598841567086
    },
    "R2": 0.2975019295995589,
    "AIC": -394.2409254378864,
    "residuals_std": 0.018271564969500213
  },
  "comparison": {
    "delta_AIC": 44.499591347778505,
    "preferred": "wave",
    "genuine_oscillation": true
  },
  "bootstrap_ci": {
    "A": {
      "lo": 0.07273379461828434,
      "hi": 0.9999999999999999,
      "median": 0.15271432238359134
    },
    "d": {
      "lo": 4.404931419447005,
      "hi": 15.278386584208539,
      "median": 6.832481130212164
    },
    "f": {
      "lo": 0.4899105819821928,
      "hi": 2.4850631419461475,
      "median": 1.3514841259992272
    },
    "phi": {
      "lo": 1.571387355224163,
      "hi": 3.0211142862222737,
      "median": 2.587793052203009
    },
    "C": {
      "lo": 0.4854854295853266,
      "hi": 0.49212747986244443,
      "median": 0.4900226043054972
    }
  }
}